p_id,cid,uid,uname
1098837086877710_1424665737628175,x,user,157591047964145,Nguy·ªÖn Qu·ªëc Vi·ªát
1098837086877710_1378336282261121,x,user,323035577882343,L∆∞∆°ng Minh Nghƒ©a
1098837086877710_1439704836124265,1439705536124195,user,1513813458895231,Nguy·ªÖn Qu·ªëc ƒê√≠ch
1098837086877710_1439704836124265,1439707416124007,user,348183282034548,T√∫ Anh Nguy·ªÖn
1098837086877710_1436357853125630,1436358386458910,user,398999603637225,L·∫°i Ph∆∞∆°ng Th·∫£o
1098837086877710_1436357853125630,1436358436458905,user,398999603637225,L·∫°i Ph∆∞∆°ng Th·∫£o
1098837086877710_1424665737628175,1424668500961232,user,291343891025154,ÌïòÎπÑÎπÑ
1098837086877710_1424665737628175,1424668500961232,user,246287892440280,An An
1098837086877710_1424665737628175,1424668500961232,user,348183282034548,T√∫ Anh Nguy·ªÖn
1098837086877710_1424665737628175,1424723167622432,user,119175735203231,H√† Giang Tr·∫ßn
1098837086877710_1424665737628175,1424723167622432,user,291033527774320,Thanh H√≤a
1098837086877710_1424665737628175,1424750034286412,user,1412850885692860,Lan Anh Ph·∫°m
1098837086877710_1424665737628175,1424750034286412,user,630068983792650,Nguy·ªÖn ƒê·ª©c Trung
1098837086877710_1424665737628175,1424750034286412,user,1532082440392857,L√™ H√†
1098837086877710_1424665737628175,1424750034286412,user,1412420062354441,Ph·∫°m H∆∞∆°ng
1098837086877710_1412008235560592,1412062568888492,user,519625991474960,Ph∆∞∆°ng Anh
1098837086877710_1412008235560592,1412062568888492,user,650368471702293,Th·ªßy Ti√™n
1098837086877710_1412008235560592,1412112845550131,user,291343891025154,ÌïòÎπÑÎπÑ
1098837086877710_1407079856053430,1407082206053195,user,348183282034548,T√∫ Anh Nguy·ªÖn
1098837086877710_1407079856053430,1407084272719655,user,298921273638940,Tr·∫ßn Di·ªáu
1098837086877710_1407079856053430,1407120016049414,user,650368471702293,Th·ªßy Ti√™n
1098837086877710_1373676796060403,1373677989393617,user,459861477479483,Cuong Luu
1098837086877710_1373676796060403,1373678832726866,user,479488698819189,Choi Kemin
1098837086877710_1373676796060403,1373687512725998,user,314765055342345,ƒê·ªó Ti·∫øn Th√†nh
1098837086877710_1373676796060403,1373788869382529,user,536672406453944,Hu·ª≥nh Thu Trang
1098837086877710_1359133180848098,1359134977514585,user,1475597276097631,An
1098837086877710_1359133180848098,1359134977514585,user,451060508375291,ƒê·∫°o L√™
1098837086877710_1359133180848098,1359134977514585,user,1484902205058084,Thu·∫≠n Nguy·ªÖn
1098837086877710_1359133180848098,1359134977514585,user,1531830083710360,Ph·∫°m Th√†nh Th·∫£o
1098837086877710_1359133180848098,1359139767514106,user,128628857640946,An Long
1098837086877710_1359133180848098,1359142157513867,user,373323409510056,Ti·∫øn H∆∞ng
1098837086877710_1332162040211879,1332344483526968,user,108237369507335,Thang Nguyen
1098837086877710_1332162040211879,1354471837980899,user,246287892440280,An An
1098837086877710_1332162040211879,1356643621097054,user,437319186432230,Anh ƒê·ª©c Nguy·ªÖn
1098837086877710_1352698188158264,1352706858157397,user,294994590687948,Nguy·ªÖn Duy
1098837086877710_1349348285159921,1349349081826508,user,348183282034548,T√∫ Anh Nguy·ªÖn
1098837086877710_1349348285159921,1349368675157882,user,521983757942500,TuanAnh V≈©
1098837086877710_1347325768695506,1347369072024509,user,129341850855177,ƒê·∫∑ng H·ªØu ƒê·∫°t
1098837086877710_1341006085994141,1341125499315533,user,479488698819189,Choi Kemin
1098837086877710_1337813562980060,x,user,412676215538640,Ti·∫øn Ho√†ng
1098837086877710_1329330523828364,x,user,10202751246614691,Nguy·ªÖn M·∫°nh H√πng
1098837086877710_1338994532861963,1339006576194092,user,650368471702293,Th·ªßy Ti√™n
1098837086877710_1338994532861963,1339011962860220,user,1475597276097631,An
1098837086877710_1338994532861963,1339011962860220,user,1508913216047844,B√πi Trang
1098837086877710_1338994532861963,1339011962860220,user,519625991474960,Ph∆∞∆°ng Anh
1098837086877710_1338994532861963,1339025879525495,user,1567996366752383,H∆∞∆°ng Lan T√¥
1098837086877710_1338994532861963,1339037419524341,user,536672406453944,Hu·ª≥nh Thu Trang
1098837086877710_1338994532861963,1339059782855438,user,373323409510056,Ti·∫øn H∆∞ng
1098837086877710_1338994532861963,1339063456188404,user,298921273638940,Tr·∫ßn Di·ªáu
1098837086877710_1232300756864675,1334276393333777,user,1426625624327741,H·∫£i Sion
1098837086877710_1332492910178792,1332493470178736,user,500467326742577,H√πng Phan
1098837086877710_1329330523828364,1329351027159647,user,10202986066039897,Tran Hue
1098837086877710_1329330523828364,1329791040448979,user,479488698819189,Choi Kemin
1098837086877710_1331630723598344,1331632766931473,user,348183282034548,T√∫ Anh Nguy·ªÖn
1098837086877710_1330497833711633,1330525033708913,user,348183282034548,T√∫ Anh Nguy·ªÖn
1098837086877710_1330497833711633,1330525033708913,user,500467326742577,H√πng Phan
1098837086877710_1278701738891243,1278715528889864,user,10152665889068427,ƒê·∫≠u H·∫£i Phong
1098837086877710_1247336538694430,1255978007830283,user,305540146263909,Ph·∫°m Nh∆∞ Thu·∫ßn
1098837086877710_1255927774501973,1255974284497322,user,179880535683348,M·ªôc An Chi
1098837086877710_1255927774501973,1255974284497322,user,606298222828886,Kh√°nh Tit
1098837086877710_1255927774501973,1255974284497322,user,359794047523754,T√¢mm Nguy·ªÖn
1098837086877710_1250846291676788,1250849391676478,user,764459653590333,Ph√°t Ng√¥
1098837086877710_1243717572389660,1243719965722754,user,203633346718119,H·∫±ng Alice
1098837086877710_1243717572389660,1244304245664326,user,359794047523754,T√¢mm Nguy·ªÖn
1098837086877710_1243717572389660,1244304245664326,user,606298222828886,Kh√°nh Tit
1098837086877710_1244601368967947,1244629125631838,user,119204315199716,Ho√†ng T·ª©
1098837086877710_1244601368967947,1244726395622111,user,10202751246614691,Nguy·ªÖn M·∫°nh H√πng
1098837086877710_1216254355135982,x,user,579229115542324,Quang Anh
1098837086877710_1243884689039615,1243899459038138,user,298921273638940,Tr·∫ßn Di·ªáu
1098837086877710_1243884689039615,1243899459038138,user,1742088162682393,Ho√†ng TouLiver
1098837086877710_1243884689039615,1243900669038017,user,396875550469277,Qu·ª≥nh L√™
1098837086877710_1243884689039615,1243909679037116,user,1521591531460618,Soobin Ch√≠ Linh
1098837086877710_1243884689039615,1243909679037116,user,157090197969102,Ng·ªçc S∆°n
1098837086877710_1243699662391451,1243700625724688,user,298921273638940,Tr·∫ßn Di·ªáu
1098837086877710_1243699662391451,1243701415724609,user,606298222828886,Kh√°nh Tit
1098837086877710_1243699662391451,1243701415724609,user,1529161823977449,B√πi Ng·ªçc
1098837086877710_1243699662391451,1243701415724609,user,398999603637225,L·∫°i Ph∆∞∆°ng Th·∫£o
1098837086877710_1243699662391451,1243705472390870,user,203633346718119,H·∫±ng Alice
1098837086877710_1243699662391451,1243709429057141,user,500467326742577,H√πng Phan
1098837086877710_1243699662391451,1243712012390216,user,348183282034548,T√∫ Anh Nguy·ªÖn
1098837086877710_1243699662391451,1243713619056722,user,462602103873506,TuanAnh Nguyen
1098837086877710_1243699662391451,1243714845723266,user,1464776000423440,Nh·∫≠t Minh
1098837086877710_1243699662391451,1243716659056418,user,517967591679230,Tu·∫•n Anh
1098837086877710_1243699662391451,1243729719055112,user,536672406453944,Hu·ª≥nh Thu Trang
1098837086877710_1243699662391451,1243860175708733,user,606298222828886,Kh√°nh Tit
1098837086877710_1243699662391451,1243860175708733,user,373323409510056,Ti·∫øn H∆∞ng
1098837086877710_1243699662391451,1243860175708733,user,650368471702293,Th·ªßy Ti√™n
1098837086877710_1243699662391451,1243874879040596,user,203633346718119,H·∫±ng Alice
1098837086877710_1243457815748969,1243496169078467,user,462602103873506,TuanAnh Nguyen
1098837086877710_1241406249287459,1241407192620698,user,10152665889068427,ƒê·∫≠u H·∫£i Phong
1098837086877710_1241406249287459,1241407229287361,user,10202751246614691,Nguy·ªÖn M·∫°nh H√πng
1098837086877710_1216254355135982,1216342278460523,user,564495990331649,Hoaii Thuongg
1098837086877710_1216254355135982,1216342278460523,user,449066411906121,Huy H·∫£i
1098837086877710_1216254355135982,1216448508449900,user,579229115542324,Quang Anh
1098837086877710_1215425905218827,1215426271885457,user,574457119329014,Tu·∫•n Trung
1098837086877710_1215425905218827,1215426488552102,user,579229115542324,Quang Anh
1098837086877710_1215425905218827,1215426555218762,user,521983757942500,TuanAnh V≈©
1098837086877710_1203772883050796,x,group,167110180423640,[MSP] TechCourse@TLU
1098837086877710_1196680690426682,x,user,10152665889068427,ƒê·∫≠u H·∫£i Phong
1098837086877710_1196680690426682,x,group,1885606091670517,TLU-TI29 ( L·ªõp L√Ω Thuy·∫øt Th·∫ßy Phong 4.1 )
1098837086877710_1210281729066578,1210288099065941,user,299790483506681,L∆∞∆°ng Th·ªã Th∆∞∆°ng Th∆∞∆°ng
1098837086877710_1210281729066578,1210288099065941,user,1473258229663311,Ki√™n Trung
1098837086877710_1210281729066578,1210288099065941,user,246287892440280,An An
1098837086877710_1210281729066578,1210288099065941,user,1498293367120216,Nguy·ªÖn Ch√≠ C√¥ng
1098837086877710_1210281729066578,1210288099065941,user,265497890289927,ƒê·ªó Th·ªã Ng·ªçc Mai
1098837086877710_1210281729066578,1210288979065853,user,1504627109760099,V≈© ƒê·ª©c Chinh
1098837086877710_1210281729066578,1210288979065853,user,1406687632983398,Nguy·ªÖn L·ª£i
1098837086877710_1207996239295127,1208031905958227,user,1464776000423440,Nh·∫≠t Minh
1098837086877710_1207952215966196,1207997479295003,user,1402338683418583,Nguyen Duc Truong
1098837086877710_1207952215966196,1207997675961650,user,1529161823977449,B√πi Ng·ªçc
1098837086877710_1207952215966196,1207997675961650,user,1425519824444321,Linh Th√πy
1098837086877710_1207952215966196,1208018242626260,user,348183282034548,T√∫ Anh Nguy·ªÖn
1098837086877710_1207952215966196,1208018242626260,user,292271984261989,T∆∞·ªüng Duy Minh
1098837086877710_1207952215966196,1208019469292804,user,179880535683348,M·ªôc An Chi
1098837086877710_1207952215966196,1208023359292415,user,483986175068542,Nguy·ªÖn M·∫°nh H∆∞ng
1098837086877710_1207952215966196,1208037129291038,user,606298222828886,Kh√°nh Tit
1098837086877710_1207952215966196,1208037129291038,user,573653002767482,T·∫° Minh Nh·∫≠t
1098837086877710_1207952215966196,1208037129291038,user,675198325871691,Kimm Huy
1098837086877710_1207952215966196,1208060309288720,user,1735591543332602,Nguyen Hong Quan
1098837086877710_1207952215966196,1208060309288720,user,536726163120224,Nguy·ªÖn Ho√†ng Qu√¢n
1098837086877710_1207952215966196,1208060309288720,user,373323409510056,Ti·∫øn H∆∞ng
1098837086877710_1207952215966196,1208060309288720,user,514296752008267,Minh ƒê·ª©c
1098837086877710_1202793696482048,1202869783141106,user,106168676404236,Ho√†ng Minh
1098837086877710_1196680690426682,1196682460426505,user,585560451541889,Minh Ho√†ng
1098837086877710_1196680690426682,1196682460426505,user,359794047523754,T√¢mm Nguy·ªÖn
1098837086877710_1196680690426682,1196682460426505,user,1567996366752383,H∆∞∆°ng Lan T√¥
1098837086877710_1196680690426682,1196682460426505,user,1548721255392865,Mai Trang
1098837086877710_1196680690426682,1196682460426505,user,579229115542324,Quang Anh
1098837086877710_1190382514389833,x,group,1106319559445425,TLU-C·ªông ƒë·ªìng C++
1098837086877710_1194434813984603,1194435707317847,user,323035577882343,L∆∞∆°ng Minh Nghƒ©a
1098837086877710_1194434813984603,1194452307316187,user,630068983792650,Nguy·ªÖn ƒê·ª©c Trung
1098837086877710_1194434813984603,1194461597315258,user,630068983792650,Nguy·ªÖn ƒê·ª©c Trung
1098837086877710_1194434813984603,1194484950646256,user,630068983792650,Nguy·ªÖn ƒê·ª©c Trung
1098837086877710_1194434813984603,1194730653955019,user,596097443868961,S∆°n Nguy·ªÖn
1098837086877710_1193565984071486,1193619184066166,user,259380117574447,Chen Long
1098837086877710_1189581527803265,1189584521136299,user,106168676404236,Ho√†ng Minh
1098837086877710_1187773937984024,x,group,1106319559445425,TLU-C·ªông ƒë·ªìng C++
1098837086877710_1186721501422601,x,user,108237369507335,Thang Nguyen
1098837086877710_1186672111427540,x,user,437319186432230,Anh ƒê·ª©c Nguy·ªÖn
1098837086877710_1185068688254549,x,user,437319186432230,Anh ƒê·ª©c Nguy·ªÖn
1098837086877710_1185922091502542,x,user,1402338683418583,Nguyen Duc Truong
1098837086877710_1185922091502542,x,user,187751081572483,Nguy·ªÖn ƒê·∫°i D∆∞∆°ng
1098837086877710_1186615448099873,1186622054765879,user,682005978579101,VƒÉn D≈©ng
1098837086877710_1185068688254549,1185071151587636,user,137220743358657,Thu H√†
1098837086877710_1185068688254549,1185071151587636,user,295220487321435,D∆∞∆°ng M·∫°nh
1098837086877710_1185068688254549,1185071151587636,user,554816744636175,L√¢m Hu·∫ø
1098837086877710_1185068688254549,1185071151587636,user,548081008669653,Heo Map
1098837086877710_1185068688254549,1185077938253624,user,1510438935892383,L√™ Trung Hi·∫øu
1098837086877710_1185068688254549,1185095931585158,user,359794047523754,T√¢mm Nguy·ªÖn
1098837086877710_1185068688254549,1185099461584805,user,318096198343653,Tu·∫•n ƒê·∫°t
1098837086877710_1185068688254549,1185099461584805,user,553419141440712,Nguy·ªÖn Duy Th·∫Øng
1098837086877710_1185068688254549,1185108104917274,user,291343891025154,ÌïòÎπÑÎπÑ
1098837086877710_1185068688254549,1185108104917274,user,1510438935892383,L√™ Trung Hi·∫øu
1098837086877710_1185068688254549,1185108104917274,user,596097443868961,S∆°n Nguy·ªÖn
1098837086877710_1185068688254549,1185138588247559,user,408096389346675,Linh MU
1098837086877710_1185068688254549,1185138894914195,user,157591047964145,Nguy·ªÖn Qu·ªëc Vi·ªát
1098837086877710_1185068688254549,1185138894914195,user,413109775508964,Tr·∫ßn Huy
1098837086877710_1185137004914384,1185143564913728,user,650368471702293,Th·ªßy Ti√™n
1098837086877710_1185137004914384,1185143564913728,user,1475597276097631,An
1098837086877710_1185137004914384,1185143564913728,user,634359873319196,B√πi Th√†nh
1098837086877710_1185137004914384,1185162208245197,user,517967591679230,Tu·∫•n Anh
1098837086877710_1185850638176354,1185851434842941,user,323035577882343,L∆∞∆°ng Minh Nghƒ©a
1098837086877710_1185850638176354,1185851434842941,user,1475597276097631,An
1098837086877710_1185850638176354,1185851434842941,user,1508913216047844,B√πi Trang
1098837086877710_1185850638176354,1185851511509600,user,298921273638940,Tr·∫ßn Di·ªáu
1098837086877710_1185850638176354,1185851591509592,user,203633346718119,H·∫±ng Alice
1098837086877710_1185083108253107,1185095851585166,user,157591047964145,Nguy·ªÖn Qu·ªëc Vi·ªát
1098837086877710_1185083108253107,1185148574913227,user,437319186432230,Anh ƒê·ª©c Nguy·ªÖn
1098837086877710_1185083108253107,1185148574913227,user,120997131678770,Nguy·ªÖn Ho√†n
1098837086877710_1185033588258059,1185035244924560,user,246287892440280,An An
1098837086877710_1183875751707176,1185057338255684,user,106168676404236,Ho√†ng Minh
1098837086877710_1179156445512440,x,user,437319186432230,Anh ƒê·ª©c Nguy·ªÖn
1098837086877710_1178585048902913,x,user,108237369507335,Thang Nguyen
1098837086877710_1184103255017759,1184115565016528,user,564495990331649,Hoaii Thuongg
1098837086877710_1184103255017759,1184116211683130,user,579229115542324,Quang Anh
1098837086877710_1167237270037691,1167245590036859,user,404286283057028,Mai Qƒê
1098837086877710_1167237270037691,1167252766702808,user,564495990331649,Hoaii Thuongg
1098837086877710_1167237270037691,1167252766702808,user,1567996366752383,H∆∞∆°ng Lan T√¥
1098837086877710_1167237270037691,1167252766702808,user,521983757942500,TuanAnh V≈©
1098837086877710_1167237270037691,1167253156702769,user,282881318546150,Tr·∫ßn VƒÉn H√πng
1098837086877710_1167237270037691,1167263340035084,user,639604166172709,Nguy·ªÖn ƒêƒÉng Kh√°nh
1098837086877710_1167237270037691,1167267916701293,user,408096389346675,Linh MU
1098837086877710_1167237270037691,1167268880034530,user,559289507518219,Tu·∫•n Ho√†ng
1098837086877710_1167237270037691,1167689613325790,user,157591047964145,Nguy·ªÖn Qu·ªëc Vi·ªát
1098837086877710_1167237270037691,1167689613325790,user,574457119329014,Tu·∫•n Trung
1098837086877710_1167237270037691,1167704993324252,user,517967591679230,Tu·∫•n Anh
1098837086877710_1167237270037691,1168418796586205,user,579229115542324,Quang Anh
1098837086877710_1167237270037691,1168455126582572,user,548081008669653,Heo Map
1098837086877710_1167237270037691,1168477806580304,user,1521591531460618,Soobin Ch√≠ Linh
1098837086877710_1167237270037691,1168477806580304,user,1436225166672404,Cao H·ªìng H√≤a
1098837086877710_1167237270037691,1172825149478903,user,100003204888637,Duc Anh Revilo
1098837086877710_1167237270037691,1172835526144532,user,291343891025154,ÌïòÎπÑÎπÑ
1098837086877710_1167237270037691,1172883682806383,user,564495990331649,Hoaii Thuongg
1098837086877710_1167237270037691,1175309829230435,user,639604166172709,Nguy·ªÖn ƒêƒÉng Kh√°nh
1098837086877710_1167237270037691,1175594975868587,user,157591047964145,Nguy·ªÖn Qu·ªëc Vi·ªát
1098837086877710_1167237270037691,1179726818788736,user,318096198343653,Tu·∫•n ƒê·∫°t
1098837086877710_1167237270037691,1180410492053702,user,667204266692786,Nguy·ªÖn Qu·ªëc Hi·ªáp
1098837086877710_1167237270037691,1180412145386870,user,553419141440712,Nguy·ªÖn Duy Th·∫Øng
1098837086877710_1167237270037691,1184544088307009,user,451060508375291,ƒê·∫°o L√™
1098837086877710_1167237270037691,1184575721637179,user,1521591531460618,Soobin Ch√≠ Linh
1098837086877710_1183816495046435,1183822955045789,user,1464776000423440,Nh·∫≠t Minh
1098837086877710_1183816495046435,1183822955045789,user,314765055342345,ƒê·ªó Ti·∫øn Th√†nh
1098837086877710_1183816495046435,1184130068348411,user,203633346718119,H·∫±ng Alice
1098837086877710_1180779965350088,1180856518675766,user,1464776000423440,Nh·∫≠t Minh
1098837086877710_1180779965350088,1180856518675766,user,1506344386283867,L√™ T√†i Khanh
1098837086877710_1180779965350088,1183827591711992,user,120997131678770,Nguy·ªÖn Ho√†n
1098837086877710_1180779965350088,1183827591711992,user,462602103873506,TuanAnh Nguyen
1098837086877710_1181578448603573,1181580708603347,user,10152665889068427,ƒê·∫≠u H·∫£i Phong
1098837086877710_1179160492178702,1179179808843437,user,187751081572483,Nguy·ªÖn ƒê·∫°i D∆∞∆°ng
1098837086877710_1178585048902913,1179044155523669,user,106168676404236,Ho√†ng Minh
1098837086877710_1176229445805140,1176232655804819,user,108237369507335,Thang Nguyen
1098837086877710_1175645959196822,1175662439195174,user,1735591543332602,Nguyen Hong Quan
1098837086877710_1175645959196822,1175664059195012,user,639604166172709,Nguy·ªÖn ƒêƒÉng Kh√°nh
1098837086877710_1175417909219627,1175424829218935,user,106168676404236,Ho√†ng Minh
1098837086877710_1175417909219627,1175440592550692,user,291343891025154,ÌïòÎπÑÎπÑ
1098837086877710_1174102196017865,1174103302684421,user,634805293283576,Ki√™n B√πi
1098837086877710_1174434535984631,1174584739302944,user,574457119329014,Tu·∫•n Trung
1098837086877710_1174434535984631,1174584739302944,user,437016409767800,Qu·ª≥nh Ngaa
1098837086877710_1173269099434508,1173276509433767,user,650368471702293,Th·ªßy Ti√™n
1098837086877710_1173269099434508,1173276509433767,user,323035577882343,L∆∞∆°ng Minh Nghƒ©a
1098837086877710_1173269099434508,1173276509433767,user,517967591679230,Tu·∫•n Anh
1098837086877710_1173269099434508,1173276509433767,user,288622004634667,Nguy·ªÖn B√° Quang
1098837086877710_1173269099434508,1173278392766912,user,1532082440392857,L√™ H√†
1098837086877710_1170339099727508,1170377476390337,user,179880535683348,M·ªôc An Chi
1098837086877710_1156711484423603,1173866142708137,user,398999603637225,L·∫°i Ph∆∞∆°ng Th·∫£o
1098837086877710_1173089116119173,1173097502785001,user,521983757942500,TuanAnh V≈©
1098837086877710_1173089116119173,1173100042784747,user,521983757942500,TuanAnh V≈©
1098837086877710_1166923266735758,x,user,1402338683418583,Nguyen Duc Truong
1098837086877710_1166923266735758,x,user,187751081572483,Nguy·ªÖn ƒê·∫°i D∆∞∆°ng
1098837086877710_1166923266735758,1166973783397373,user,639604166172709,Nguy·ªÖn ƒêƒÉng Kh√°nh
1098837086877710_1166923266735758,1166973783397373,user,437591419676804,B√° Th√†nh
1098837086877710_1166923266735758,1166973783397373,user,187751081572483,Nguy·ªÖn ƒê·∫°i D∆∞∆°ng
1098837086877710_1166923266735758,1166973783397373,user,1402338683418583,Nguyen Duc Truong
1098837086877710_1166923266735758,1166973783397373,user,437319186432230,Anh ƒê·ª©c Nguy·ªÖn
1098837086877710_1166923266735758,1166973783397373,user,120997131678770,Nguy·ªÖn Ho√†n
1098837086877710_1166830883411663,1166836670077751,user,1402338683418583,Nguyen Duc Truong
1098837086877710_1166830883411663,1166836670077751,user,187751081572483,Nguy·ªÖn ƒê·∫°i D∆∞∆°ng
1098837086877710_1164857360275682,1164904266937658,user,764459653590333,Ph√°t Ng√¥
1098837086877710_1163960220365396,1163962253698526,user,675198325871691,Kimm Huy
1098837086877710_1160106347417450,x,user,585560451541889,Minh Ho√†ng
1098837086877710_1160105984084153,1160424834052268,user,259380117574447,Chen Long
1098837086877710_1160105984084153,1160842357343849,user,298921273638940,Tr·∫ßn Di·ªáu
1098837086877710_1160105984084153,1161643760597042,user,1484902205058084,Thu·∫≠n Nguy·ªÖn
1098837086877710_1160105984084153,1162688067159278,user,10152665889068427,ƒê·∫≠u H·∫£i Phong
1098837086877710_1160494360711982,1160503387377746,user,179880535683348,M·ªôc An Chi
1098837086877710_1160494360711982,1160547207373364,user,357345977780247,Quang Vinh
1098837086877710_1160494360711982,1160547207373364,user,473032426162204,Qu·ªëc ƒê·∫°t
1098837086877710_1160494360711982,1160592644035487,user,323035577882343,L∆∞∆°ng Minh Nghƒ©a
1098837086877710_1160103384084413,1160104134084338,user,157591047964145,Nguy·ªÖn Qu·ªëc Vi·ªát
1098837086877710_1160106347417450,1160106874084064,user,179880535683348,M·ªôc An Chi
1098837086877710_1160106347417450,1160106874084064,user,246287892440280,An An
1098837086877710_1160106347417450,1160138387414246,user,585560451541889,Minh Ho√†ng
1098837086877710_1160042420757176,1160043047423780,user,179880535683348,M·ªôc An Chi
1098837086877710_1159867057441379,1159972737430811,user,146147749121559,ƒê·ª©c Minh
1098837086877710_1158675837560501,1158677840893634,user,574457119329014,Tu·∫•n Trung
1098837086877710_1155683961193022,1155778837850201,user,106168676404236,Ho√†ng Minh
1098837086877710_1155683961193022,1155840124510739,user,1506344386283867,L√™ T√†i Khanh
1098837086877710_1155683961193022,1156531231108295,user,323035577882343,L∆∞∆°ng Minh Nghƒ©a
1098837086877710_1155683961193022,1156531231108295,user,459861477479483,Cuong Luu
1098837086877710_1155683961193022,1156531231108295,user,1475597276097631,An
1098837086877710_1155683961193022,1156571811104237,user,1429699917323465,Tr·∫ßn VƒÉn Ph∆∞∆°ng
1098837086877710_1155683961193022,1156625191098899,user,404286283057028,Mai Qƒê
1098837086877710_1155683961193022,1157427101018708,user,606298222828886,Kh√°nh Tit
1098837086877710_1155683961193022,1157427101018708,user,1529161823977449,B√πi Ng·ªçc
1098837086877710_1155683961193022,1157427101018708,user,573653002767482,T·∫° Minh Nh·∫≠t
1098837086877710_1155683961193022,1157427101018708,user,514296752008267,Minh ƒê·ª©c
1098837086877710_1155683961193022,1157427101018708,user,675198325871691,Kimm Huy
1098837086877710_1155683961193022,1157446691016749,user,1443282459249007,V≈© Xu√¢n H√†
1098837086877710_1156646451096773,1156742994420452,user,100003204888637,Duc Anh Revilo
1098837086877710_1156462987781786,1156604797767605,user,106168676404236,Ho√†ng Minh
1098837086877710_1156462987781786,1156605194434232,user,1425953757663137,Jim Ng
1098837086877710_1156462987781786,1156608004433951,user,1425953757663137,Jim Ng
1098837086877710_1155758394518912,1155759011185517,user,585560451541889,Minh Ho√†ng
1098837086877710_1152731464821605,1155749961186422,user,179880535683348,M·ªôc An Chi
1098837086877710_1155590184535733,1155595584535193,user,585560451541889,Minh Ho√†ng
1098837086877710_1155547477873337,1155571294537622,user,682005978579101,VƒÉn D≈©ng
1098837086877710_1153260168102068,1153260618102023,user,1513813458895231,Nguy·ªÖn Qu·ªëc ƒê√≠ch
1098837086877710_1153260168102068,1153409231420495,user,1484902205058084,Thu·∫≠n Nguy·ªÖn
1098837086877710_1153260168102068,1155549917873093,user,594835593958063,Tr·∫ßn Li√™m
1098837086877710_1154561171305301,1154617844632967,user,437016409767800,Qu·ª≥nh Ngaa
1098837086877710_1154561171305301,1154622591299159,user,323035577882343,L∆∞∆°ng Minh Nghƒ©a
1098837086877710_1154561171305301,1154622711299147,user,1506344386283867,L√™ T√†i Khanh
1098837086877710_1154561171305301,1154631924631559,user,574457119329014,Tu·∫•n Trung
1098837086877710_1154561171305301,1154631924631559,user,437016409767800,Qu·ª≥nh Ngaa
1098837086877710_1154561171305301,1154633714631380,user,1475597276097631,An
1098837086877710_1154561171305301,1155307167897368,user,281340955664714,Th·∫£o V√≠t
1098837086877710_1154496131311805,1154498817978203,user,585560451541889,Minh Ho√†ng
1098837086877710_1154542601307158,1154543571307061,user,585560451541889,Minh Ho√†ng
1098837086877710_1153644451396973,1153650984729653,user,764459653590333,Ph√°t Ng√¥
1098837086877710_1153644451396973,1153661701395248,user,564495990331649,Hoaii Thuongg
1098837086877710_1153644451396973,1153661701395248,user,559289507518219,Tu·∫•n Ho√†ng
1098837086877710_1153167121444706,1153415884753163,user,764459653590333,Ph√°t Ng√¥
1098837086877710_1149046878523397,1149048875189864,user,1529161823977449,B√πi Ng·ªçc
1098837086877710_1149046878523397,1149049818523103,user,240085666195546,Th√†nh VƒÉn Nguy·ªÖn
1098837086877710_1149046878523397,1149051601856258,user,246287892440280,An An
1098837086877710_1149046878523397,1149068645187887,user,585560451541889,Minh Ho√†ng
1098837086877710_1149046878523397,1149091051852313,user,348183282034548,T√∫ Anh Nguy·ªÖn
1098837086877710_1149046878523397,1151835951577823,user,179880535683348,M·ªôc An Chi
1098837086877710_1149116068516478,1149117368516348,user,574457119329014,Tu·∫•n Trung
1098837086877710_1149116068516478,1149117401849678,user,462602103873506,TuanAnh Nguyen
1098837086877710_1149116068516478,1149121161849302,user,398999603637225,L·∫°i Ph∆∞∆°ng Th·∫£o
1098837086877710_1149116068516478,1149124108515674,user,459861477479483,Cuong Luu
1098837086877710_1149116068516478,1149130878514997,user,100003204888637,Duc Anh Revilo
1098837086877710_1151831568244928,1151867591574659,user,179880535683348,M·ªôc An Chi
1098837086877710_1151831568244928,1151879271573491,user,179880535683348,M·ªôc An Chi
1098837086877710_1151376111623807,1151377384957013,user,315345732003845,L√™ Thi√™n B·∫£o
1098837086877710_1150774148350670,x,user,281340955664714,Th·∫£o V√≠t
1098837086877710_1149778645116887,x,group,1763791687203413,29TE_TLU üëçüèªüëçüèªüëçüèªüëçüèªüëçüèª
1098837086877710_1150769451684473,1150774888350596,user,1475597276097631,An
1098837086877710_1150769451684473,1150794495015302,user,1412850885692860,Lan Anh Ph·∫°m
1098837086877710_1150769451684473,1150794495015302,user,294994590687948,Nguy·ªÖn Duy
1098837086877710_1150769451684473,1150794495015302,user,1475597276097631,An
1098837086877710_1150769451684473,1150794495015302,user,579229115542324,Quang Anh
1098837086877710_1150769451684473,1150794495015302,user,314765055342345,ƒê·ªó Ti·∫øn Th√†nh
1098837086877710_1150769451684473,1150794495015302,user,1484902205058084,Thu·∫≠n Nguy·ªÖn
1098837086877710_1150769451684473,1150798411681577,user,1412850885692860,Lan Anh Ph·∫°m
1098837086877710_1150769451684473,1150798411681577,user,294994590687948,Nguy·ªÖn Duy
1098837086877710_1150769451684473,1150798411681577,user,1475597276097631,An
1098837086877710_1150769451684473,1150798411681577,user,579229115542324,Quang Anh
1098837086877710_1150769451684473,1150798411681577,user,314765055342345,ƒê·ªó Ti·∫øn Th√†nh
1098837086877710_1150769451684473,1150798411681577,user,1484902205058084,Thu·∫≠n Nguy·ªÖn
1098837086877710_1150769451684473,1150798411681577,user,720217098029023,Jay Hok
1098837086877710_1150769451684473,1150798411681577,user,1508913216047844,B√πi Trang
1098837086877710_1150769451684473,1150798411681577,user,650368471702293,Th·ªßy Ti√™n
1098837086877710_1150769451684473,1150800148348070,user,1412850885692860,Lan Anh Ph·∫°m
1098837086877710_1150769451684473,1150800148348070,user,650368471702293,Th·ªßy Ti√™n
1098837086877710_1150769451684473,1150802205014531,user,1505695573040877,Nguy·ªÖn Kh√°nh Linh
1098837086877710_1150769451684473,1150810885013663,user,1505695573040877,Nguy·ªÖn Kh√°nh Linh
1098837086877710_1150897915004960,1150903768337708,user,458029201009124,MInh Nguy·ªÖn
1098837086877710_1150774148350670,1150790018349083,user,720217098029023,Jay Hok
1098837086877710_1150905811670837,1150919095002842,user,1425953757663137,Jim Ng
1098837086877710_1150870978340987,1150871858340899,user,315345732003845,L√™ Thi√™n B·∫£o
1098837086877710_1150870978340987,1150872105007541,user,10152665889068427,ƒê·∫≠u H·∫£i Phong
1098837086877710_1150870978340987,1150908371670581,user,1499909703630229,Nguy·ªÖn Ho√†ng Anh
1098837086877710_1148272481934170,1148272861934132,group,1648669308779395,"Forum B√≥ng ƒê√° TLU- B·∫Øt ƒê·ªëi, T√¨m Ng∆∞·ªùi,Ch·ªëng Ch√°y"
1098837086877710_1149945768433508,1149949671766451,user,693678840731083,ƒê·ªó ƒê·ª©c To√†n
1098837086877710_1149082901853128,1149151881846230,user,125360477797177,Trung Hi·∫øu
1098837086877710_1149082901853128,1149652515129500,user,437319186432230,Anh ƒê·ª©c Nguy·ªÖn
1098837086877710_1146484985446253,x,user,315345732003845,L√™ Thi√™n B·∫£o
1098837086877710_1146406348787450,x,group,1106319559445425,TLU-C·ªông ƒë·ªìng C++
1098837086877710_1148183108609774,1148308935263858,user,650033335107085,Nam Do Thanh Pham
1098837086877710_1148891108538974,1148949791866439,group,652753378227228,Ti·∫øng Vi·ªát TH Th·ª©6(3-5)
1098837086877710_1134543786640373,1148962618531823,user,100003204888637,Duc Anh Revilo
1098837086877710_1134543786640373,1148962618531823,user,298921273638940,Tr·∫ßn Di·ªáu
1098837086877710_1147395798688505,1148320465262705,user,650033335107085,Nam Do Thanh Pham
1098837086877710_1147226035372148,1147916848636400,user,521983757942500,TuanAnh V≈©
1098837086877710_1147131768714908,1147139965380755,user,1434282236880334,Th√πy My
1098837086877710_1142408035853948,x,user,348866201956228,Ng·ªçc SuKi
1098837086877710_1146345752126843,1146347705459981,user,157591047964145,Nguy·ªÖn Qu·ªëc Vi·ªát
1098837086877710_1146237848804300,1146264828801602,group,1226349017429122,To√°n-Tin NNLAPTRINH.4 K29
1098837086877710_1145322015562550,1145337438894341,user,285557868551989,H√† D√¢n
1098837086877710_1145022318925853,1145087875585964,user,203633346718119,H·∫±ng Alice
1098837086877710_1141472622614156,1141479185946833,user,1499909703630229,Nguy·ªÖn Ho√†ng Anh
1098837086877710_1141276705967081,1141339922627426,user,1499909703630229,Nguy·ªÖn Ho√†ng Anh
1098837086877710_1139799876114764,1139801042781314,user,574457119329014,Tu·∫•n Trung
1098837086877710_1140564186038333,1140570489371036,user,120997131678770,Nguy·ªÖn Ho√†n
1098837086877710_1140564186038333,1140570489371036,user,693678840731083,ƒê·ªó ƒê·ª©c To√†n
1098837086877710_1140189679409117,1140618162699602,user,1499909703630229,Nguy·ªÖn Ho√†ng Anh
1098837086877710_1138887306206021,1138914822869936,user,108237369507335,Thang Nguyen
1098837086877710_1139009809527104,1139012949526790,user,693678840731083,ƒê·ªó ƒê·ª©c To√†n
1098837086877710_1137852026309549,1137852686309483,user,108237369507335,Thang Nguyen
1098837086877710_1137852026309549,1137852749642810,user,164322063904291,M·∫°c Ti·∫øn ƒê·ªãnh
1098837086877710_1136203869807698,1136254126469339,user,316092778538030,ƒê·ª©c H√πng
1098837086877710_1137051179722967,1137072073054211,user,108237369507335,Thang Nguyen
1098837086877710_1136165229811562,1136167646477987,user,574457119329014,Tu·∫•n Trung
1098837086877710_1136165229811562,1136167646477987,user,359794047523754,T√¢mm Nguy·ªÖn
1098837086877710_1136165229811562,1136167646477987,user,157591047964145,Nguy·ªÖn Qu·ªëc Vi·ªát
1098837086877710_1136189326475819,1136195326475219,user,1508913216047844,B√πi Trang
1098837086877710_1136189326475819,1136195416475210,user,157591047964145,Nguy·ªÖn Qu·ªëc Vi·ªát
1098837086877710_1136189326475819,1136197076475044,user,108237369507335,Thang Nguyen
1098837086877710_1136189326475819,1136224246472327,user,108237369507335,Thang Nguyen
1098837086877710_1136189326475819,1136277063133712,user,408096389346675,Linh MU
1098837086877710_1136189326475819,1136524036442348,user,108237369507335,Thang Nguyen
1098837086877710_1129439047150847,1129476583813760,user,437319186432230,Anh ƒê·ª©c Nguy·ªÖn
1098837086877710_1129439047150847,1135760893185329,user,585560451541889,Minh Ho√†ng
1098837086877710_1134203033341115,1134236793337739,user,459861477479483,Cuong Luu
1098837086877710_1125176617577090,1125177120910373,user,437319186432230,Anh ƒê·ª©c Nguy·ªÖn
1098837086877710_1125176617577090,1125177667576985,user,559289507518219,Tu·∫•n Ho√†ng
1098837086877710_1125176617577090,1125183037576448,user,465532993578211,Thuu H√†
1098837086877710_1125176617577090,1125183037576448,user,318722738276319,H√† Giangg
1098837086877710_1125176617577090,1125183037576448,user,539084882858070,Qu·ªëc Kh√°nh V≈©
1098837086877710_1125176617577090,1125192874242131,user,437319186432230,Anh ƒê·ª©c Nguy·ªÖn
1098837086877710_1124479490980136,1125019780926107,user,398999603637225,L·∫°i Ph∆∞∆°ng Th·∫£o
1098837086877710_1123440501084035,1123441314417287,user,108237369507335,Thang Nguyen
1098837086877710_1123440501084035,1123450891082996,user,108237369507335,Thang Nguyen
1098837086877710_1122280034533415,1122282484533170,user,726844300694093,Nguy·ªÖn B√° D≈©ng
1098837086877710_1120681721359913,1120697021358383,user,437319186432230,Anh ƒê·ª©c Nguy·ªÖn
1098837086877710_1118546061573479,1118602948234457,user,108237369507335,Thang Nguyen
1098837086877710_1119701238124628,1119702004791218,user,437319186432230,Anh ƒê·ª©c Nguy·ªÖn
1098837086877710_1119701238124628,1119704264790992,user,1473258229663311,Ki√™n Trung
1098837086877710_1118789601549125,1119698561458229,user,1443282459249007,V≈© Xu√¢n H√†
1098837086877710_1117752841652801,1117791514982267,user,1550279581850649,Th·∫£o Bim
1098837086877710_1117752811652804,1118540238240728,user,498223410307523,Mai Ph∆∞∆°ng Anh
1098837086877710_1111403492287736,1111405322287553,user,157591047964145,Nguy·ªÖn Qu·ªëc Vi·ªát
1098837086877710_1110489995712419,1110490455712373,user,179880535683348,M·ªôc An Chi
1098837086877710_1110489995712419,1110497159045036,user,308034759388012,Ph·∫°m Thanh T√¢m
1098837086877710_1107294989365253,1107304189364333,user,1586881714864908,Nguy·ªÖn Th·ªã Kh√°nh Ly
1098837086877710_1100481950046557,1100520040042748,user,108237369507335,Thang Nguyen
